{
  "project_info": {
    "project_number": "925185699929",
    "firebase_url": "https://projetointegrado-museum.firebaseio.com",
    "project_id": "projetointegrado-museum",
    "storage_bucket": "projetointegrado-museum.appspot.com"
  },
  "client": [
    {
      "client_info": {
        "mobilesdk_app_id": "1:925185699929:android:9e94a31d203288ff",
        "android_client_info": {
          "package_name": "com.pdm.museumapp"
        }
      },
      "oauth_client": [
        {
          "client_id": "925185699929-3l50a6aam9mpdogt1nq96bcd2rt47kfk.apps.googleusercontent.com",
          "client_type": 3
        }
      ],
      "api_key": [
        {
          "current_key": "AIzaSyC5FecC2Mzx-d4n87d34kriz5JOTqfILQk"
        }
      ],
      "services": {
        "analytics_service": {
          "status": 1
        },
        "appinvite_service": {
          "status": 1,
          "other_platform_oauth_client": []
        },
        "ads_service": {
          "status": 2
        }
      }
    }
  ],
  "configuration_version": "1"
}